{"connections":{":i-M1ldgRtaH8qq746bswDz":{"configuredProperties":{"binary":"true","connectTimeout":"10000","disconnect":"false","host":"138.68.1.209","maximumReconnectAttempts":"3","passiveMode":"true","password":"»ENC:b1873238586070064877f00a5e2309085ea8570080cda3784123b35bb4b71b37","port":"21","reconnectDelay":"1000","timeout":"30000","username":"sftp-user"},"connector":{"actions":[{"actionType":"connector","description":"Upload a file to the FTP server","descriptor":{"inputDataShape":{"kind":"any"},"outputDataShape":{"kind":"none"},"propertyDefinitionSteps":[{"description":"Upload to FTP server","name":"Upload to FTP server","properties":{"directoryName":{"deprecated":false,"displayName":"FTP directory","group":"common","javaType":"java.lang.String","kind":"path","labelHint":"FTP directory name in which to upload file","required":true,"secret":false,"type":"string"},"fileExist":{"defaultValue":"Override","deprecated":false,"displayName":"If file exists","enum":[{"label":"Override","value":"Override"},{"label":"Append","value":"Append"},{"label":"Fail","value":"Fail"},{"label":"Ignore","value":"Ignore"},{"label":"Move","value":"Move"},{"label":"TryRename","value":"TryRename"}],"group":"producer","javaType":"java.lang.String","kind":"parameter","labelHint":"Desired behavior when the file being uploaded is already on the server","required":false,"secret":false,"type":"string"},"fileName":{"deprecated":false,"displayName":"File name expression","group":"producer","javaType":"java.lang.String","kind":"parameter","labelHint":"Simple language expression that resolves to a file name","required":false,"secret":false,"type":"string"},"tempFileName":{"deprecated":false,"displayName":"Temporary file name while copying","group":"producer","javaType":"java.lang.String","kind":"parameter","label":"producer","labelHint":"Temporary file name while copying","required":false,"secret":false,"type":"string"},"tempPrefix":{"deprecated":false,"displayName":"Temporary file prefix while copying","group":"producer","javaType":"java.lang.String","kind":"parameter","label":"producer","labelHint":"Temporary file prefix while copying","required":false,"secret":false,"type":"string"}}}]},"id":"io.syndesis:ftp-upload-connector","name":"Upload","pattern":"To"},{"actionType":"connector","description":"Download a file from the FTP server","descriptor":{"inputDataShape":{"kind":"none"},"outputDataShape":{"kind":"any"},"propertyDefinitionSteps":[{"description":"Download from FTP server","name":"Download from FTP server","properties":{"delay":{"defaultValue":"5000","deprecated":false,"displayName":"Time interval before the next poll","group":"consumer","javaType":"java.lang.Integer","kind":"parameter","labelHint":"Wait this amount of time between polls","required":false,"secret":false,"type":"duration"},"delete":{"defaultValue":"false","deprecated":false,"displayName":"Delete file after download","enum":[{"label":"No","value":"false"},{"label":"Yes","value":"true"}],"group":"consumer","javaType":"boolean","kind":"parameter","labelHint":"Delete the file from the server after downloading it","required":false,"secret":false,"type":"string"},"directoryName":{"deprecated":false,"displayName":"FTP directory","group":"common","javaType":"java.lang.String","kind":"path","labelHint":"FTP directory name from which to download file","required":true,"secret":false,"type":"string"},"fileName":{"deprecated":false,"displayName":"File name expression","group":"producer","javaType":"java.lang.String","kind":"parameter","labelHint":"Simple language expression that resolves to a file name","required":false,"secret":false,"type":"string"},"initialDelay":{"defaultValue":"1000","deprecated":false,"displayName":"Interval before polling starts","group":"consumer","javaType":"java.lang.Integer","kind":"parameter","labelHint":"Wait amount of time before starting to poll","required":false,"secret":false,"type":"duration"}}}]},"id":"io.syndesis:ftp-download-connector","name":"Download","pattern":"From"}],"componentScheme":"ftp","dependencies":[{"id":"io.syndesis.connector:connector-ftp:1.8.6.fuse-750001-redhat-00002","type":"MAVEN"}],"description":"Download and upload files.","icon":"assets:ftp.svg","id":"ftp","name":"FTP","properties":{"binary":{"defaultValue":"true","deprecated":false,"displayName":"Binary file transfer mode","enum":[{"label":"No","value":"false"},{"label":"Yes","value":"true"}],"group":"common","javaType":"java.lang.String","kind":"parameter","labelHint":"Indicate whether file transfer mode is binary","order":8,"required":false,"secret":false,"type":"string"},"connectTimeout":{"defaultValue":"10000","deprecated":false,"displayName":"Connect timeout","group":"common","javaType":"java.lang.Integer","kind":"parameter","labelHint":"Maximum number of milliseconds to wait for a connection to be established","order":5,"required":false,"secret":false,"type":"integer"},"disconnect":{"defaultValue":"false","deprecated":false,"displayName":"Disconnect from server after use","enum":[{"label":"No","value":"false"},{"label":"Yes","value":"true"}],"group":"common","javaType":"java.lang.String","kind":"parameter","labelHint":"Disconnect from the server after performing the action","order":10,"required":false,"secret":false,"type":"string"},"host":{"deprecated":false,"displayName":"Host","group":"common","javaType":"java.lang.String","kind":"path","labelHint":"Host name of the FTP server to connect to","order":1,"required":true,"secret":false,"type":"string"},"maximumReconnectAttempts":{"defaultValue":"3","deprecated":false,"displayName":"Maximum reconnect attempts","group":"common","javaType":"java.lang.Integer","kind":"parameter","labelHint":"Try to reconnect no more than this many times","order":7,"required":false,"secret":false,"type":"integer"},"passiveMode":{"defaultValue":"true","deprecated":false,"displayName":"Passive connection mode","enum":[{"label":"No","value":"false"},{"label":"Yes","value":"true"}],"group":"common","javaType":"java.lang.String","kind":"parameter","labelHint":"Indicates whether passive connection mode is being used","order":9,"required":false,"secret":false,"type":"string"},"password":{"deprecated":false,"displayName":"Password","group":"common,security","javaType":"java.lang.String","kind":"parameter","labelHint":"Password for connecting to the FTP server","order":3,"raw":true,"required":false,"secret":true,"type":"string"},"port":{"defaultValue":"21","deprecated":false,"displayName":"Port","group":"common","javaType":"java.lang.Integer","kind":"path","labelHint":"FTP port","order":4,"required":true,"secret":false,"type":"integer"},"reconnectDelay":{"defaultValue":"1000","deprecated":false,"displayName":"Reconnect delay","group":"common","javaType":"java.lang.Integer","kind":"parameter","labelHint":"Number of milliseconds to wait before trying to reconnect","order":6,"required":false,"secret":false,"type":"integer"},"timeout":{"defaultValue":"30000","deprecated":false,"displayName":"Data timeout","group":"common","javaType":"java.lang.Integer","kind":"parameter","labelHint":"Maximum number of milliseconds to wait for a reply","order":11,"required":false,"secret":false,"type":"integer"},"username":{"deprecated":false,"displayName":"User name","group":"common,security","javaType":"java.lang.String","kind":"parameter","labelHint":"User name for connecting to the FTP server","order":2,"required":false,"secret":false,"type":"string"}},"tags":["verifier"],"version":2},"connectorId":"ftp","createdDate":1583528462054,"description":"Provides access to transaction XML records.","icon":"assets:ftp.svg","id":"i-M1ldgRtaH8qq746bswDz","isDerived":false,"lastUpdated":1583528462054,"name":"Transaction XML FTP Connection","userId":"evanshortiss","uses":0},":i-M1le7YOaH8qq746bswFz":{"configuredProperties":{"brokers":"keynote-rhmi-demo-cluster-kafka-bootstrap.keynote-rhmi-demo.svc.cluster.local:9092"},"connector":{"actions":[{"actionType":"connector","description":"Publish data to the Kafka topic that you select.","descriptor":{"inputDataShape":{"kind":"any"},"outputDataShape":{"kind":"none"},"propertyDefinitionSteps":[{"description":"Specify Kafka topic name","name":"Select the Kafka topic","properties":{"topic":{"componentProperty":false,"deprecated":false,"displayName":"Topic Name","group":"common","javaType":"java.lang.String","kind":"path","labelHint":"Select the Kafka topic to send data to.","order":1,"required":true,"secret":false,"type":"string"}}}]},"id":"io.syndesis:kafka-publish-action","name":"Publish","pattern":"To","tags":["dynamic"]},{"actionType":"connector","description":"Receive data from the Kafka topic that you select.","descriptor":{"inputDataShape":{"kind":"none"},"outputDataShape":{"kind":"any"},"propertyDefinitionSteps":[{"description":"Select the Kafka topic name","name":"Select the Kafka topic","properties":{"topic":{"componentProperty":false,"deprecated":false,"displayName":"Topic Name","group":"common","javaType":"java.lang.String","kind":"path","labelHint":"Select the Kafka topic to receive data from.","order":1,"required":true,"secret":false,"type":"string"}}}]},"id":"io.syndesis:kafka-subscribe-action","name":"Subscribe","pattern":"From","tags":["dynamic"]}],"componentScheme":"kafka","dependencies":[{"id":"io.syndesis.connector:connector-kafka:1.8.6.fuse-750001-redhat-00002","type":"MAVEN"}],"description":"Subscribe for and publish messages","icon":"assets:kafka.svg","id":"kafka","name":"Kafka Message Broker","properties":{"brokers":{"componentProperty":true,"deprecated":false,"displayName":"Kafka Broker URIs","group":"common","javaType":"java.lang.String","kind":"property","label":"common","labelHint":"Comma separated list of Kafka broker URIs in the form host:port. Note that SSL URIs are not supported at this time and will cause an OOM at connection verification (see also https://issues.apache.org/jira/browse/KAFKA-4090)","order":1,"required":true,"secret":false,"type":"string"}},"tags":["verifier"],"version":2},"connectorId":"kafka","createdDate":1583528577240,"description":"Provides a connection to the AMQ Streams Cluster for the price game.","icon":"assets:kafka.svg","id":"i-M1le7YOaH8qq746bswFz","isDerived":false,"lastUpdated":1583795003942,"name":"AMQ Streams Price Game Cluster","userId":"evanshortiss","uses":0}},"connectors":{":ftp":{"actions":[{"actionType":"connector","description":"Upload a file to the FTP server","descriptor":{"inputDataShape":{"kind":"any"},"outputDataShape":{"kind":"none"},"propertyDefinitionSteps":[{"description":"Upload to FTP server","name":"Upload to FTP server","properties":{"directoryName":{"deprecated":false,"displayName":"FTP directory","group":"common","javaType":"java.lang.String","kind":"path","labelHint":"FTP directory name in which to upload file","required":true,"secret":false,"type":"string"},"fileExist":{"defaultValue":"Override","deprecated":false,"displayName":"If file exists","enum":[{"label":"Override","value":"Override"},{"label":"Append","value":"Append"},{"label":"Fail","value":"Fail"},{"label":"Ignore","value":"Ignore"},{"label":"Move","value":"Move"},{"label":"TryRename","value":"TryRename"}],"group":"producer","javaType":"java.lang.String","kind":"parameter","labelHint":"Desired behavior when the file being uploaded is already on the server","required":false,"secret":false,"type":"string"},"fileName":{"deprecated":false,"displayName":"File name expression","group":"producer","javaType":"java.lang.String","kind":"parameter","labelHint":"Simple language expression that resolves to a file name","required":false,"secret":false,"type":"string"},"tempFileName":{"deprecated":false,"displayName":"Temporary file name while copying","group":"producer","javaType":"java.lang.String","kind":"parameter","label":"producer","labelHint":"Temporary file name while copying","required":false,"secret":false,"type":"string"},"tempPrefix":{"deprecated":false,"displayName":"Temporary file prefix while copying","group":"producer","javaType":"java.lang.String","kind":"parameter","label":"producer","labelHint":"Temporary file prefix while copying","required":false,"secret":false,"type":"string"}}}]},"id":"io.syndesis:ftp-upload-connector","name":"Upload","pattern":"To"},{"actionType":"connector","description":"Download a file from the FTP server","descriptor":{"inputDataShape":{"kind":"none"},"outputDataShape":{"kind":"any"},"propertyDefinitionSteps":[{"description":"Download from FTP server","name":"Download from FTP server","properties":{"delay":{"defaultValue":"5000","deprecated":false,"displayName":"Time interval before the next poll","group":"consumer","javaType":"java.lang.Integer","kind":"parameter","labelHint":"Wait this amount of time between polls","required":false,"secret":false,"type":"duration"},"delete":{"defaultValue":"false","deprecated":false,"displayName":"Delete file after download","enum":[{"label":"No","value":"false"},{"label":"Yes","value":"true"}],"group":"consumer","javaType":"boolean","kind":"parameter","labelHint":"Delete the file from the server after downloading it","required":false,"secret":false,"type":"string"},"directoryName":{"deprecated":false,"displayName":"FTP directory","group":"common","javaType":"java.lang.String","kind":"path","labelHint":"FTP directory name from which to download file","required":true,"secret":false,"type":"string"},"fileName":{"deprecated":false,"displayName":"File name expression","group":"producer","javaType":"java.lang.String","kind":"parameter","labelHint":"Simple language expression that resolves to a file name","required":false,"secret":false,"type":"string"},"initialDelay":{"defaultValue":"1000","deprecated":false,"displayName":"Interval before polling starts","group":"consumer","javaType":"java.lang.Integer","kind":"parameter","labelHint":"Wait amount of time before starting to poll","required":false,"secret":false,"type":"duration"}}}]},"id":"io.syndesis:ftp-download-connector","name":"Download","pattern":"From"}],"componentScheme":"ftp","dependencies":[{"id":"io.syndesis.connector:connector-ftp:1.8.6.fuse-750001-redhat-00002","type":"MAVEN"}],"description":"Download and upload files.","icon":"assets:ftp.svg","id":"ftp","name":"FTP","properties":{"binary":{"defaultValue":"true","deprecated":false,"displayName":"Binary file transfer mode","enum":[{"label":"No","value":"false"},{"label":"Yes","value":"true"}],"group":"common","javaType":"java.lang.String","kind":"parameter","labelHint":"Indicate whether file transfer mode is binary","order":8,"required":false,"secret":false,"type":"string"},"connectTimeout":{"defaultValue":"10000","deprecated":false,"displayName":"Connect timeout","group":"common","javaType":"java.lang.Integer","kind":"parameter","labelHint":"Maximum number of milliseconds to wait for a connection to be established","order":5,"required":false,"secret":false,"type":"integer"},"disconnect":{"defaultValue":"false","deprecated":false,"displayName":"Disconnect from server after use","enum":[{"label":"No","value":"false"},{"label":"Yes","value":"true"}],"group":"common","javaType":"java.lang.String","kind":"parameter","labelHint":"Disconnect from the server after performing the action","order":10,"required":false,"secret":false,"type":"string"},"host":{"deprecated":false,"displayName":"Host","group":"common","javaType":"java.lang.String","kind":"path","labelHint":"Host name of the FTP server to connect to","order":1,"required":true,"secret":false,"type":"string"},"maximumReconnectAttempts":{"defaultValue":"3","deprecated":false,"displayName":"Maximum reconnect attempts","group":"common","javaType":"java.lang.Integer","kind":"parameter","labelHint":"Try to reconnect no more than this many times","order":7,"required":false,"secret":false,"type":"integer"},"passiveMode":{"defaultValue":"true","deprecated":false,"displayName":"Passive connection mode","enum":[{"label":"No","value":"false"},{"label":"Yes","value":"true"}],"group":"common","javaType":"java.lang.String","kind":"parameter","labelHint":"Indicates whether passive connection mode is being used","order":9,"required":false,"secret":false,"type":"string"},"password":{"deprecated":false,"displayName":"Password","group":"common,security","javaType":"java.lang.String","kind":"parameter","labelHint":"Password for connecting to the FTP server","order":3,"raw":true,"required":false,"secret":true,"type":"string"},"port":{"defaultValue":"21","deprecated":false,"displayName":"Port","group":"common","javaType":"java.lang.Integer","kind":"path","labelHint":"FTP port","order":4,"required":true,"secret":false,"type":"integer"},"reconnectDelay":{"defaultValue":"1000","deprecated":false,"displayName":"Reconnect delay","group":"common","javaType":"java.lang.Integer","kind":"parameter","labelHint":"Number of milliseconds to wait before trying to reconnect","order":6,"required":false,"secret":false,"type":"integer"},"timeout":{"defaultValue":"30000","deprecated":false,"displayName":"Data timeout","group":"common","javaType":"java.lang.Integer","kind":"parameter","labelHint":"Maximum number of milliseconds to wait for a reply","order":11,"required":false,"secret":false,"type":"integer"},"username":{"deprecated":false,"displayName":"User name","group":"common,security","javaType":"java.lang.String","kind":"parameter","labelHint":"User name for connecting to the FTP server","order":2,"required":false,"secret":false,"type":"string"}},"tags":["verifier"],"version":2},":kafka":{"actions":[{"actionType":"connector","description":"Publish data to the Kafka topic that you select.","descriptor":{"inputDataShape":{"kind":"any"},"outputDataShape":{"kind":"none"},"propertyDefinitionSteps":[{"description":"Specify Kafka topic name","name":"Select the Kafka topic","properties":{"topic":{"componentProperty":false,"deprecated":false,"displayName":"Topic Name","group":"common","javaType":"java.lang.String","kind":"path","labelHint":"Select the Kafka topic to send data to.","order":1,"required":true,"secret":false,"type":"string"}}}]},"id":"io.syndesis:kafka-publish-action","name":"Publish","pattern":"To","tags":["dynamic"]},{"actionType":"connector","description":"Receive data from the Kafka topic that you select.","descriptor":{"inputDataShape":{"kind":"none"},"outputDataShape":{"kind":"any"},"propertyDefinitionSteps":[{"description":"Select the Kafka topic name","name":"Select the Kafka topic","properties":{"topic":{"componentProperty":false,"deprecated":false,"displayName":"Topic Name","group":"common","javaType":"java.lang.String","kind":"path","labelHint":"Select the Kafka topic to receive data from.","order":1,"required":true,"secret":false,"type":"string"}}}]},"id":"io.syndesis:kafka-subscribe-action","name":"Subscribe","pattern":"From","tags":["dynamic"]}],"componentScheme":"kafka","dependencies":[{"id":"io.syndesis.connector:connector-kafka:1.8.6.fuse-750001-redhat-00002","type":"MAVEN"}],"description":"Subscribe for and publish messages","icon":"assets:kafka.svg","id":"kafka","name":"Kafka Message Broker","properties":{"brokers":{"componentProperty":true,"deprecated":false,"displayName":"Kafka Broker URIs","group":"common","javaType":"java.lang.String","kind":"property","label":"common","labelHint":"Comma separated list of Kafka broker URIs in the form host:port. Note that SSL URIs are not supported at this time and will cause an OOM at connection verification (see also https://issues.apache.org/jira/browse/KAFKA-4090)","order":1,"required":true,"secret":false,"type":"string"}},"tags":["verifier"],"version":2}},"integrations":{":i-M20Z3oQaH8qq746bswHz":{"createdAt":1583795424539,"description":"Takes transactions in XML format from an FTP server and sends them to an AMQ Streams topic.","flows":[{"id":"-M20XUxiLeRMmgErxEiH","steps":[{"action":{"actionType":"connector","description":"Download a file from the FTP server","descriptor":{"inputDataShape":{"kind":"none"},"outputDataShape":{"description":"XML format transaction data","kind":"xml-instance","metadata":{"userDefined":"true"},"name":"tx-xml","specification":"<?xml version=\"1.0\"?>\n<transaction>\n  <uuid>0d64e882-a59b-43d7-a468-89c122fd37ee</uuid>\n  <firstname>Annetta</firstname>\n  <lastname>Cronin</lastname>\n  <zipcode>47420-7769</zipcode>\n  <price>378.00</price>\n  <datetime>2020-03-06T07:33:33.796Z</datetime>\n</transaction>\n"},"propertyDefinitionSteps":[{"name":"Download from FTP server","properties":{"delay":{"defaultValue":"5000","deprecated":false,"displayName":"Time interval before the next poll","group":"consumer","javaType":"java.lang.Integer","kind":"parameter","labelHint":"Wait this amount of time between polls","required":false,"secret":false,"type":"duration"},"delete":{"defaultValue":"false","deprecated":false,"displayName":"Delete file after download","enum":[{"label":"No","value":"false"},{"label":"Yes","value":"true"}],"group":"consumer","javaType":"boolean","kind":"parameter","labelHint":"Delete the file from the server after downloading it","required":false,"secret":false,"type":"string"},"directoryName":{"deprecated":false,"displayName":"FTP directory","group":"common","javaType":"java.lang.String","kind":"path","labelHint":"FTP directory name from which to download file","required":true,"secret":false,"type":"string"},"fileName":{"deprecated":false,"displayName":"File name expression","group":"producer","javaType":"java.lang.String","kind":"parameter","labelHint":"Simple language expression that resolves to a file name","required":false,"secret":false,"type":"string"},"initialDelay":{"defaultValue":"1000","deprecated":false,"displayName":"Interval before polling starts","group":"consumer","javaType":"java.lang.Integer","kind":"parameter","labelHint":"Wait amount of time before starting to poll","required":false,"secret":false,"type":"duration"}}}]},"id":"io.syndesis:ftp-download-connector","name":"Download","pattern":"From"},"configuredProperties":{"delay":"5000","delete":"true","directoryName":"transactions","initialDelay":"10000"},"connection":{"configuredProperties":{"binary":"true","connectTimeout":"10000","disconnect":"false","host":"138.68.1.209","maximumReconnectAttempts":"3","passiveMode":"true","password":"»ENC:b1873238586070064877f00a5e2309085ea8570080cda3784123b35bb4b71b37","port":"21","reconnectDelay":"1000","timeout":"30000","username":"sftp-user"},"connector":{"actions":[{"actionType":"connector","description":"Upload a file to the FTP server","descriptor":{"inputDataShape":{"kind":"any"},"outputDataShape":{"kind":"none"},"propertyDefinitionSteps":[{"description":"Upload to FTP server","name":"Upload to FTP server","properties":{"directoryName":{"deprecated":false,"displayName":"FTP directory","group":"common","javaType":"java.lang.String","kind":"path","labelHint":"FTP directory name in which to upload file","required":true,"secret":false,"type":"string"},"fileExist":{"defaultValue":"Override","deprecated":false,"displayName":"If file exists","enum":[{"label":"Override","value":"Override"},{"label":"Append","value":"Append"},{"label":"Fail","value":"Fail"},{"label":"Ignore","value":"Ignore"},{"label":"Move","value":"Move"},{"label":"TryRename","value":"TryRename"}],"group":"producer","javaType":"java.lang.String","kind":"parameter","labelHint":"Desired behavior when the file being uploaded is already on the server","required":false,"secret":false,"type":"string"},"fileName":{"deprecated":false,"displayName":"File name expression","group":"producer","javaType":"java.lang.String","kind":"parameter","labelHint":"Simple language expression that resolves to a file name","required":false,"secret":false,"type":"string"},"tempFileName":{"deprecated":false,"displayName":"Temporary file name while copying","group":"producer","javaType":"java.lang.String","kind":"parameter","label":"producer","labelHint":"Temporary file name while copying","required":false,"secret":false,"type":"string"},"tempPrefix":{"deprecated":false,"displayName":"Temporary file prefix while copying","group":"producer","javaType":"java.lang.String","kind":"parameter","label":"producer","labelHint":"Temporary file prefix while copying","required":false,"secret":false,"type":"string"}}}]},"id":"io.syndesis:ftp-upload-connector","name":"Upload","pattern":"To"},{"actionType":"connector","description":"Download a file from the FTP server","descriptor":{"inputDataShape":{"kind":"none"},"outputDataShape":{"kind":"any"},"propertyDefinitionSteps":[{"description":"Download from FTP server","name":"Download from FTP server","properties":{"delay":{"defaultValue":"5000","deprecated":false,"displayName":"Time interval before the next poll","group":"consumer","javaType":"java.lang.Integer","kind":"parameter","labelHint":"Wait this amount of time between polls","required":false,"secret":false,"type":"duration"},"delete":{"defaultValue":"false","deprecated":false,"displayName":"Delete file after download","enum":[{"label":"No","value":"false"},{"label":"Yes","value":"true"}],"group":"consumer","javaType":"boolean","kind":"parameter","labelHint":"Delete the file from the server after downloading it","required":false,"secret":false,"type":"string"},"directoryName":{"deprecated":false,"displayName":"FTP directory","group":"common","javaType":"java.lang.String","kind":"path","labelHint":"FTP directory name from which to download file","required":true,"secret":false,"type":"string"},"fileName":{"deprecated":false,"displayName":"File name expression","group":"producer","javaType":"java.lang.String","kind":"parameter","labelHint":"Simple language expression that resolves to a file name","required":false,"secret":false,"type":"string"},"initialDelay":{"defaultValue":"1000","deprecated":false,"displayName":"Interval before polling starts","group":"consumer","javaType":"java.lang.Integer","kind":"parameter","labelHint":"Wait amount of time before starting to poll","required":false,"secret":false,"type":"duration"}}}]},"id":"io.syndesis:ftp-download-connector","name":"Download","pattern":"From"}],"componentScheme":"ftp","dependencies":[{"id":"io.syndesis.connector:connector-ftp:1.8.6.fuse-750001-redhat-00002","type":"MAVEN"}],"description":"Download and upload files.","icon":"assets:ftp.svg","id":"ftp","name":"FTP","properties":{"binary":{"defaultValue":"true","deprecated":false,"displayName":"Binary file transfer mode","enum":[{"label":"No","value":"false"},{"label":"Yes","value":"true"}],"group":"common","javaType":"java.lang.String","kind":"parameter","labelHint":"Indicate whether file transfer mode is binary","order":8,"required":false,"secret":false,"type":"string"},"connectTimeout":{"defaultValue":"10000","deprecated":false,"displayName":"Connect timeout","group":"common","javaType":"java.lang.Integer","kind":"parameter","labelHint":"Maximum number of milliseconds to wait for a connection to be established","order":5,"required":false,"secret":false,"type":"integer"},"disconnect":{"defaultValue":"false","deprecated":false,"displayName":"Disconnect from server after use","enum":[{"label":"No","value":"false"},{"label":"Yes","value":"true"}],"group":"common","javaType":"java.lang.String","kind":"parameter","labelHint":"Disconnect from the server after performing the action","order":10,"required":false,"secret":false,"type":"string"},"host":{"deprecated":false,"displayName":"Host","group":"common","javaType":"java.lang.String","kind":"path","labelHint":"Host name of the FTP server to connect to","order":1,"required":true,"secret":false,"type":"string"},"maximumReconnectAttempts":{"defaultValue":"3","deprecated":false,"displayName":"Maximum reconnect attempts","group":"common","javaType":"java.lang.Integer","kind":"parameter","labelHint":"Try to reconnect no more than this many times","order":7,"required":false,"secret":false,"type":"integer"},"passiveMode":{"defaultValue":"true","deprecated":false,"displayName":"Passive connection mode","enum":[{"label":"No","value":"false"},{"label":"Yes","value":"true"}],"group":"common","javaType":"java.lang.String","kind":"parameter","labelHint":"Indicates whether passive connection mode is being used","order":9,"required":false,"secret":false,"type":"string"},"password":{"deprecated":false,"displayName":"Password","group":"common,security","javaType":"java.lang.String","kind":"parameter","labelHint":"Password for connecting to the FTP server","order":3,"raw":true,"required":false,"secret":true,"type":"string"},"port":{"defaultValue":"21","deprecated":false,"displayName":"Port","group":"common","javaType":"java.lang.Integer","kind":"path","labelHint":"FTP port","order":4,"required":true,"secret":false,"type":"integer"},"reconnectDelay":{"defaultValue":"1000","deprecated":false,"displayName":"Reconnect delay","group":"common","javaType":"java.lang.Integer","kind":"parameter","labelHint":"Number of milliseconds to wait before trying to reconnect","order":6,"required":false,"secret":false,"type":"integer"},"timeout":{"defaultValue":"30000","deprecated":false,"displayName":"Data timeout","group":"common","javaType":"java.lang.Integer","kind":"parameter","labelHint":"Maximum number of milliseconds to wait for a reply","order":11,"required":false,"secret":false,"type":"integer"},"username":{"deprecated":false,"displayName":"User name","group":"common,security","javaType":"java.lang.String","kind":"parameter","labelHint":"User name for connecting to the FTP server","order":2,"required":false,"secret":false,"type":"string"}},"tags":["verifier"],"version":2},"connectorId":"ftp","createdDate":1583528462054,"description":"Provides access to transaction XML records.","icon":"assets:ftp.svg","id":"i-M1ldgRtaH8qq746bswDz","isDerived":false,"lastUpdated":1583528462054,"name":"Transaction XML FTP Connection","userId":"evanshortiss","uses":0},"id":"-M20Yq7pLeRMmgErxEiH","metadata":{"configured":"true"},"stepKind":"endpoint"},{"action":{"actionType":"connector","description":"Publish data to the Kafka topic that you select.","descriptor":{"inputDataShape":{"description":"Transaction in JSON format","kind":"json-instance","metadata":{"userDefined":"true"},"name":"tx-json","specification":"{\n  \"id\": \"0d64e882-a59b-43d7-a468-89c122fd37ee\",\n  \"givenname\": \"Annetta\",\n  \"surname\": \"Cronin\",\n  \"zip\": \"47420-7769\",\n  \"amount\": \"378.00\",\n  \"timestamp\": \"2020-03-06T07:33:33.796Z\"\n}\n"},"outputDataShape":{"kind":"none"},"propertyDefinitionSteps":[{"name":"Select the Kafka topic","properties":{"topic":{"componentProperty":false,"defaultValue":"transactions","deprecated":false,"displayName":"Topic Name","enum":[{"label":"transactions","value":"transactions"}],"group":"common","javaType":"java.lang.String","kind":"path","labelHint":"Select the Kafka topic to send data to.","order":1,"required":true,"secret":false,"type":"string"}}}]},"id":"io.syndesis:kafka-publish-action","name":"Publish","pattern":"To","tags":["dynamic"]},"configuredProperties":{"topic":"transactions"},"connection":{"configuredProperties":{"brokers":"keynote-rhmi-demo-cluster-kafka-bootstrap.keynote-rhmi-demo.svc.cluster.local:9092"},"connector":{"actions":[{"actionType":"connector","description":"Publish data to the Kafka topic that you select.","descriptor":{"inputDataShape":{"kind":"any"},"outputDataShape":{"kind":"none"},"propertyDefinitionSteps":[{"description":"Specify Kafka topic name","name":"Select the Kafka topic","properties":{"topic":{"componentProperty":false,"deprecated":false,"displayName":"Topic Name","group":"common","javaType":"java.lang.String","kind":"path","labelHint":"Select the Kafka topic to send data to.","order":1,"required":true,"secret":false,"type":"string"}}}]},"id":"io.syndesis:kafka-publish-action","name":"Publish","pattern":"To","tags":["dynamic"]},{"actionType":"connector","description":"Receive data from the Kafka topic that you select.","descriptor":{"inputDataShape":{"kind":"none"},"outputDataShape":{"kind":"any"},"propertyDefinitionSteps":[{"description":"Select the Kafka topic name","name":"Select the Kafka topic","properties":{"topic":{"componentProperty":false,"deprecated":false,"displayName":"Topic Name","group":"common","javaType":"java.lang.String","kind":"path","labelHint":"Select the Kafka topic to receive data from.","order":1,"required":true,"secret":false,"type":"string"}}}]},"id":"io.syndesis:kafka-subscribe-action","name":"Subscribe","pattern":"From","tags":["dynamic"]}],"componentScheme":"kafka","dependencies":[{"id":"io.syndesis.connector:connector-kafka:1.8.6.fuse-750001-redhat-00002","type":"MAVEN"}],"description":"Subscribe for and publish messages","icon":"assets:kafka.svg","id":"kafka","name":"Kafka Message Broker","properties":{"brokers":{"componentProperty":true,"deprecated":false,"displayName":"Kafka Broker URIs","group":"common","javaType":"java.lang.String","kind":"property","label":"common","labelHint":"Comma separated list of Kafka broker URIs in the form host:port. Note that SSL URIs are not supported at this time and will cause an OOM at connection verification (see also https://issues.apache.org/jira/browse/KAFKA-4090)","order":1,"required":true,"secret":false,"type":"string"}},"tags":["verifier"],"version":2},"connectorId":"kafka","createdDate":1583528577240,"description":"Provides a connection to the AMQ Streams Cluster for the price game.","icon":"assets:kafka.svg","id":"i-M1le7YOaH8qq746bswFz","isDerived":false,"lastUpdated":1583795003942,"name":"AMQ Streams Price Game Cluster","userId":"evanshortiss","uses":0},"id":"-M20YvoKLeRMmgErxEiH","metadata":{"configured":"true"},"stepKind":"endpoint"}],"tags":["i-M1ldgRtaH8qq746bswDz","i-M1le7YOaH8qq746bswFz"],"type":"PRIMARY"}],"id":"i-M20Z3oQaH8qq746bswHz","name":"Transactions FTP to AMQ Streams","tags":["ftp","kafka"],"updatedAt":1583797263755,"version":5}}}